IF marketing & advertising,Marketing and Advertising,"Georgetown, TX",http://www.YourIFteam.com
Advantage Marketing & Advertising,Marketing and Advertising,Cairo,http://www.advantage-adv.com
TOTALS Marketing and Advertising,Marketing and Advertising,"Salhiya , Salhiya",http://www.totalsco.com
Asen Marketing & Advertising,Marketing and Advertising,"Knoxville, TN",https://www.asenmarketing.com
A.D.D. Marketing • Advertising,Marketing and Advertising,"Los Angeles, CA",http://www.add1.com
LMA Marketing & Advertising,Marketing and Advertising,"San Diego, CA",http://www.lmaworldwide.com
"The Marketing Store, North America",Marketing and Advertising,"Chicago, IL",http://chi.tmsw.com/
Marketing Architects,Marketing and Advertising,"Minnetonka, MN",http://www.marketingarchitects.com
Marketing Land,Internet,"Marketsville, CA",https://marketingland.com
HowlandMoser HM² Marketing & Advertising,Marketing and Advertising,"Phoenix, Arizona",http://www.howlandmoser.com
Advertising Specialty Institute,Marketing and Advertising,"Trevose, PA",http://www.asicentral.com
Advertising Week,Marketing and Advertising,"New York, NY",http://www.advertisingweek.com
S&D Marketing | Advertising,Marketing and Advertising,"Denver, CO",http://www.sd-advertising.com
"The Marketing Store, Europe",Marketing and Advertising,"London, London",http://tms.agency/
CLM Marketing & Advertising,Marketing and Advertising,"Boise, Idaho",http://www.clmnorthwest.com
Marketing Talent | Marketing Recruitment Experts,Staffing and Recruiting,"London, London",http://www.marketing-talent.co.uk
Advertising Research Foundation (ARF),Marketing and Advertising,"New York, New York",http://www.thearf.org/
Marketing Week,Publishing,London,http://www.marketingweek.com
